loss,params,iteration,estimators,train_time
0.02092147610522377,"{'boosting_type': 'gbdt', 'colsample_bytree': 0.8045605546606369, 'force_col_wise': '+', 'learning_rate': 0.04354060928873476, 'max_depth': 5, 'num_leaves': 32, 'reg_alpha': 0.8326320323149597, 'reg_lambda': 0.45470105222137214, 'subsample': 0.847965681173882}",1,100,25.826698099997884
0.02131999887784619,"{'boosting_type': 'goss', 'colsample_bytree': 0.6162071717206198, 'force_col_wise': '+', 'learning_rate': 0.04281531928076346, 'max_depth': 5, 'num_leaves': 61, 'reg_alpha': 0.727725743177325, 'reg_lambda': 0.41010395885331374, 'subsample': 1.0}",2,100,31.11943290000272
0.011896640984430218,"{'boosting_type': 'gbdt', 'colsample_bytree': 0.9083005558061223, 'force_col_wise': '+', 'learning_rate': 0.53487934931967, 'max_depth': 5, 'num_leaves': 70, 'reg_alpha': 0.883315277380862, 'reg_lambda': 0.8373883555532842, 'subsample': 0.6725448375132252}",3,100,32.56940539999778
0.02511979337274639,"{'boosting_type': 'goss', 'colsample_bytree': 0.8872081224782706, 'force_col_wise': '+', 'learning_rate': 0.018611935181792664, 'max_depth': 5, 'num_leaves': 34, 'reg_alpha': 0.9187225216693768, 'reg_lambda': 0.44483251230115173, 'subsample': 1.0}",4,100,28.65681129999939
0.026529102117515913,"{'boosting_type': 'gbdt', 'colsample_bytree': 0.9023202131343525, 'force_col_wise': '+', 'learning_rate': 0.012314998980420912, 'max_depth': 5, 'num_leaves': 65, 'reg_alpha': 0.17187156139656068, 'reg_lambda': 0.8123959883573632, 'subsample': 0.5477275196074967}",5,100,26.229603799998586
0.025907303522668124,"{'boosting_type': 'goss', 'colsample_bytree': 0.7412335382111885, 'force_col_wise': '+', 'learning_rate': 0.010660946237694757, 'max_depth': 5, 'num_leaves': 47, 'reg_alpha': 0.43802918644092326, 'reg_lambda': 0.7995534416071729, 'subsample': 1.0}",6,90,30.672182900001644
0.025668999900181233,"{'boosting_type': 'goss', 'colsample_bytree': 0.9931129675286405, 'force_col_wise': '+', 'learning_rate': 0.02381499987295861, 'max_depth': 5, 'num_leaves': 72, 'reg_alpha': 0.9393697376027715, 'reg_lambda': 0.7340280179855683, 'subsample': 1.0}",7,100,25.783277700000326
0.013907645148618086,"{'boosting_type': 'gbdt', 'colsample_bytree': 0.8595110038814903, 'force_col_wise': '+', 'learning_rate': 0.2215336997314065, 'max_depth': 5, 'num_leaves': 96, 'reg_alpha': 0.7753643788278823, 'reg_lambda': 0.6170793585023162, 'subsample': 0.7973100175434191}",8,100,30.285893399999622
0.012632854346440237,"{'boosting_type': 'gbdt', 'colsample_bytree': 0.6204538214708207, 'force_col_wise': '+', 'learning_rate': 0.9306823890354183, 'max_depth': 5, 'num_leaves': 59, 'reg_alpha': 0.9200092264373162, 'reg_lambda': 0.5434030676903124, 'subsample': 0.6620299911421867}",9,100,30.83474489999935
0.01847152891146553,"{'boosting_type': 'gbdt', 'colsample_bytree': 0.6845657149096784, 'force_col_wise': '+', 'learning_rate': 0.07767879332694827, 'max_depth': 5, 'num_leaves': 76, 'reg_alpha': 0.7006214446213659, 'reg_lambda': 0.9554779863099281, 'subsample': 0.6905323823987464}",10,100,29.323920499999076
0.01301360725263967,"{'boosting_type': 'goss', 'colsample_bytree': 0.8314657344913539, 'force_col_wise': '+', 'learning_rate': 0.3231192525247023, 'max_depth': 5, 'num_leaves': 66, 'reg_alpha': 0.8178300196637514, 'reg_lambda': 0.003630307254743226, 'subsample': 1.0}",11,100,27.97979380000106
0.01823169705875316,"{'boosting_type': 'dart', 'colsample_bytree': 0.8877505702629412, 'force_col_wise': '+', 'learning_rate': 0.20721400388146025, 'max_depth': 5, 'num_leaves': 40, 'reg_alpha': 0.3584815225733641, 'reg_lambda': 0.8791358871980453, 'subsample': 0.6816015479755677}",12,80,46.16455110000243
0.016158994743360577,"{'boosting_type': 'goss', 'colsample_bytree': 0.7544283029894612, 'force_col_wise': '+', 'learning_rate': 0.11712225751006251, 'max_depth': 5, 'num_leaves': 98, 'reg_alpha': 0.3072581638887394, 'reg_lambda': 0.8814784176329411, 'subsample': 1.0}",13,100,30.22989349999989
0.02320337971289954,"{'boosting_type': 'gbdt', 'colsample_bytree': 0.6695966890029563, 'force_col_wise': '+', 'learning_rate': 0.028296576356063, 'max_depth': 5, 'num_leaves': 84, 'reg_alpha': 0.013183035637853835, 'reg_lambda': 0.5271098077466071, 'subsample': 0.8987194012367643}",14,100,29.919629899999563
0.015369741622670685,"{'boosting_type': 'dart', 'colsample_bytree': 0.6389983653861535, 'force_col_wise': '+', 'learning_rate': 0.3888539830287766, 'max_depth': 5, 'num_leaves': 30, 'reg_alpha': 0.9209817283659104, 'reg_lambda': 0.6370340314241265, 'subsample': 0.6308684032130806}",15,61,49.08205620000081
0.011943035262007462,"{'boosting_type': 'gbdt', 'colsample_bytree': 0.8729239801492794, 'force_col_wise': '+', 'learning_rate': 0.5086715516976571, 'max_depth': 5, 'num_leaves': 38, 'reg_alpha': 0.6400100015740248, 'reg_lambda': 0.583369285641829, 'subsample': 0.663374599087876}",16,100,30.888409799998044
0.023887052465851766,"{'boosting_type': 'dart', 'colsample_bytree': 0.8225096950484567, 'force_col_wise': '+', 'learning_rate': 0.057028989470505796, 'max_depth': 5, 'num_leaves': 64, 'reg_alpha': 0.12470065927231533, 'reg_lambda': 0.5158321119303967, 'subsample': 0.5625745905758681}",17,86,44.43948690000252
0.025291563415775875,"{'boosting_type': 'goss', 'colsample_bytree': 0.876444643150869, 'force_col_wise': '+', 'learning_rate': 0.017634700678817877, 'max_depth': 5, 'num_leaves': 38, 'reg_alpha': 0.6810391246607139, 'reg_lambda': 0.6921104520712689, 'subsample': 1.0}",18,100,27.29323800000202
0.011946795162405266,"{'boosting_type': 'goss', 'colsample_bytree': 0.9766978524295901, 'force_col_wise': '+', 'learning_rate': 0.8554752431127115, 'max_depth': 5, 'num_leaves': 70, 'reg_alpha': 0.6946896343853821, 'reg_lambda': 0.28813841028148135, 'subsample': 1.0}",19,100,29.78398300000117
0.014193979220348596,"{'boosting_type': 'goss', 'colsample_bytree': 0.9809815427815758, 'force_col_wise': '+', 'learning_rate': 0.19935836212806618, 'max_depth': 5, 'num_leaves': 75, 'reg_alpha': 0.8751118984907046, 'reg_lambda': 0.3977858693319253, 'subsample': 1.0}",20,100,29.966334199998528
0.011553033012541403,"{'boosting_type': 'gbdt', 'colsample_bytree': 0.9348214143600637, 'force_col_wise': '+', 'learning_rate': 0.589804186650359, 'max_depth': 5, 'num_leaves': 92, 'reg_alpha': 0.5521320876376018, 'reg_lambda': 0.999499287493066, 'subsample': 0.5713517650691988}",21,100,32.868307699998695
0.011698909229988952,"{'boosting_type': 'gbdt', 'colsample_bytree': 0.9477193663182348, 'force_col_wise': '+', 'learning_rate': 0.6358406593531386, 'max_depth': 5, 'num_leaves': 92, 'reg_alpha': 0.563089433845035, 'reg_lambda': 0.9587249509770436, 'subsample': 0.5042484068377858}",22,100,33.6413724999984
0.011684074151520618,"{'boosting_type': 'gbdt', 'colsample_bytree': 0.9426264086020129, 'force_col_wise': '+', 'learning_rate': 0.7067062054330829, 'max_depth': 5, 'num_leaves': 31, 'reg_alpha': 0.5748784515045534, 'reg_lambda': 0.9924672113595461, 'subsample': 0.5034881618031081}",23,100,32.10622630000216
0.01576742512121987,"{'boosting_type': 'gbdt', 'colsample_bytree': 0.9399038315497978, 'force_col_wise': '+', 'learning_rate': 0.12858281600131427, 'max_depth': 5, 'num_leaves': 95, 'reg_alpha': 0.5438426121903187, 'reg_lambda': 0.10658201468013112, 'subsample': 0.5506081319551709}",24,100,32.08033539999815
0.0119692970356583,"{'boosting_type': 'gbdt', 'colsample_bytree': 0.930434212309257, 'force_col_wise': '+', 'learning_rate': 0.9490038673204658, 'max_depth': 5, 'num_leaves': 97, 'reg_alpha': 0.4412604520530232, 'reg_lambda': 0.9973504299840792, 'subsample': 0.9933904330912651}",25,100,31.473034200000257
0.016014754300924583,"{'boosting_type': 'dart', 'colsample_bytree': 0.7757259679220668, 'force_col_wise': '+', 'learning_rate': 0.30825930660025663, 'max_depth': 5, 'num_leaves': 31, 'reg_alpha': 0.5977024043744602, 'reg_lambda': 0.25788436410778015, 'subsample': 0.9911911057101106}",26,64,48.253024699999514
0.011714794470495726,"{'boosting_type': 'gbdt', 'colsample_bytree': 0.9988474603878951, 'force_col_wise': '+', 'learning_rate': 0.6298061169638182, 'max_depth': 5, 'num_leaves': 91, 'reg_alpha': 0.48534845497114265, 'reg_lambda': 0.7323772054504329, 'subsample': 0.5907203038022948}",27,100,31.404477000000043
0.012266043929213488,"{'boosting_type': 'gbdt', 'colsample_bytree': 0.9547098882172069, 'force_col_wise': '+', 'learning_rate': 0.41777280430914243, 'max_depth': 5, 'num_leaves': 63, 'reg_alpha': 0.3330499840097215, 'reg_lambda': 0.9850618640678255, 'subsample': 0.5071326575152966}",28,100,30.79923680000138
0.011495490950740983,"{'boosting_type': 'gbdt', 'colsample_bytree': 0.8422124715168905, 'force_col_wise': '+', 'learning_rate': 0.7291162884419511, 'max_depth': 5, 'num_leaves': 86, 'reg_alpha': 0.20652058377855204, 'reg_lambda': 0.8983353289581136, 'subsample': 0.5877010873318133}",29,100,29.971234099997673
0.015149917512370048,"{'boosting_type': 'gbdt', 'colsample_bytree': 0.8444644813226766, 'force_col_wise': '+', 'learning_rate': 0.1452781367723115, 'max_depth': 5, 'num_leaves': 86, 'reg_alpha': 0.22028815623403536, 'reg_lambda': 0.915590108037614, 'subsample': 0.602615594662419}",30,100,31.877241700000013
0.022198141320833642,"{'boosting_type': 'dart', 'colsample_bytree': 0.7843139240567059, 'force_col_wise': '+', 'learning_rate': 0.08728562837029995, 'max_depth': 5, 'num_leaves': 54, 'reg_alpha': 0.009049532557525247, 'reg_lambda': 0.7516095778250104, 'subsample': 0.9128193860236004}",31,87,46.747667000003275
0.013699491662645058,"{'boosting_type': 'gbdt', 'colsample_bytree': 0.7249722125784617, 'force_col_wise': '+', 'learning_rate': 0.2723043002568125, 'max_depth': 5, 'num_leaves': 92, 'reg_alpha': 0.09436360444839009, 'reg_lambda': 0.6766442095311691, 'subsample': 0.738836985080068}",32,100,30.746053899998515
0.012419500516933635,"{'boosting_type': 'gbdt', 'colsample_bytree': 0.8091059495776491, 'force_col_wise': '+', 'learning_rate': 0.4550755190019924, 'max_depth': 5, 'num_leaves': 46, 'reg_alpha': 0.2197234851298725, 'reg_lambda': 0.337171962425673, 'subsample': 0.5989245937032834}",33,100,30.036031300001923
0.02083497599825712,"{'boosting_type': 'gbdt', 'colsample_bytree': 0.9044290398771887, 'force_col_wise': '+', 'learning_rate': 0.047986862619344976, 'max_depth': 5, 'num_leaves': 88, 'reg_alpha': 0.399885545821426, 'reg_lambda': 0.17578391305554675, 'subsample': 0.7384481774344428}",34,100,29.449626400000852
0.01487948949996587,"{'boosting_type': 'gbdt', 'colsample_bytree': 0.8508127331470944, 'force_col_wise': '+', 'learning_rate': 0.16259145561872845, 'max_depth': 5, 'num_leaves': 67, 'reg_alpha': 0.26908774714397254, 'reg_lambda': 0.8411379817393935, 'subsample': 0.559217810131516}",35,100,31.356486600001517
0.012218821150896009,"{'boosting_type': 'gbdt', 'colsample_bytree': 0.7123569317835772, 'force_col_wise': '+', 'learning_rate': 0.8495183940726749, 'max_depth': 5, 'num_leaves': 36, 'reg_alpha': 0.4972435965054438, 'reg_lambda': 0.7710666026699305, 'subsample': 0.6366831047613357}",36,100,31.069178199999442
0.017030756920092927,"{'boosting_type': 'dart', 'colsample_bytree': 0.9142860615940576, 'force_col_wise': '+', 'learning_rate': 0.2589533797919799, 'max_depth': 5, 'num_leaves': 83, 'reg_alpha': 0.04894672129621255, 'reg_lambda': 0.915538398396603, 'subsample': 0.8235560770568853}",37,80,48.88741080000182
0.012747815075111468,"{'boosting_type': 'gbdt', 'colsample_bytree': 0.7983825541158457, 'force_col_wise': '+', 'learning_rate': 0.37372110429279304, 'max_depth': 5, 'num_leaves': 62, 'reg_alpha': 0.4145430164304477, 'reg_lambda': 0.4630095861335985, 'subsample': 0.7849504143579933}",38,100,31.393334000000323
0.011827028646446025,"{'boosting_type': 'gbdt', 'colsample_bytree': 0.9703050362746266, 'force_col_wise': '+', 'learning_rate': 0.552273654859737, 'max_depth': 5, 'num_leaves': 86, 'reg_alpha': 0.1788586403118582, 'reg_lambda': 0.8175103826610798, 'subsample': 0.7182745752768704}",39,100,33.20353400000022
0.01918129514367506,"{'boosting_type': 'gbdt', 'colsample_bytree': 0.7602119925205436, 'force_col_wise': '+', 'learning_rate': 0.06395027501710994, 'max_depth': 5, 'num_leaves': 51, 'reg_alpha': 0.7887735045597085, 'reg_lambda': 0.8657856744535315, 'subsample': 0.6233066550039748}",40,100,31.054751699997723
0.014696168708084989,"{'boosting_type': 'gbdt', 'colsample_bytree': 0.9147520378190447, 'force_col_wise': '+', 'learning_rate': 0.1824340151779202, 'max_depth': 5, 'num_leaves': 73, 'reg_alpha': 0.9921743892539578, 'reg_lambda': 0.9321894235316827, 'subsample': 0.55518148152701}",41,100,31.870073800000682
0.013060331065670727,"{'boosting_type': 'dart', 'colsample_bytree': 0.8897063862552357, 'force_col_wise': '+', 'learning_rate': 0.7405700026641663, 'max_depth': 5, 'num_leaves': 77, 'reg_alpha': 0.29203280653061503, 'reg_lambda': 0.011837883973512375, 'subsample': 0.509486939900867}",42,100,51.315195699997275
0.022965497148883962,"{'boosting_type': 'goss', 'colsample_bytree': 0.8299990796572234, 'force_col_wise': '+', 'learning_rate': 0.03129559163319517, 'max_depth': 5, 'num_leaves': 69, 'reg_alpha': 0.6255013718665862, 'reg_lambda': 0.5744491887661698, 'subsample': 1.0}",43,100,27.853116800000862
0.016677663084682215,"{'boosting_type': 'gbdt', 'colsample_bytree': 0.8680129054631948, 'force_col_wise': '+', 'learning_rate': 0.09959790085380871, 'max_depth': 5, 'num_leaves': 44, 'reg_alpha': 0.35125347858235667, 'reg_lambda': 0.7914428219701295, 'subsample': 0.5237400720613051}",44,100,30.563652799999545
0.011828953359693029,"{'boosting_type': 'gbdt', 'colsample_bytree': 0.9264982861540847, 'force_col_wise': '+', 'learning_rate': 0.9789442608589852, 'max_depth': 5, 'num_leaves': 85, 'reg_alpha': 0.5161373196103187, 'reg_lambda': 0.7011852097460356, 'subsample': 0.9884350496603223}",45,100,28.64306900000156
0.025757997625584395,"{'boosting_type': 'goss', 'colsample_bytree': 0.8078878424630577, 'force_col_wise': '+', 'learning_rate': 0.013428243194068766, 'max_depth': 5, 'num_leaves': 71, 'reg_alpha': 0.7657588621460182, 'reg_lambda': 0.6438038258505144, 'subsample': 1.0}",46,100,29.157639900000504
0.01709511029028421,"{'boosting_type': 'dart', 'colsample_bytree': 0.6907692491227686, 'force_col_wise': '+', 'learning_rate': 0.24624907333707632, 'max_depth': 5, 'num_leaves': 81, 'reg_alpha': 0.452882076155676, 'reg_lambda': 0.4770916198911668, 'subsample': 0.7864795050657072}",47,64,49.037327999998524
0.012941575431640984,"{'boosting_type': 'gbdt', 'colsample_bytree': 0.8515273892560948, 'force_col_wise': '+', 'learning_rate': 0.329606797854096, 'max_depth': 5, 'num_leaves': 79, 'reg_alpha': 0.25033313177576283, 'reg_lambda': 0.41356163674812807, 'subsample': 0.899948659343017}",48,100,31.21363080000083
0.011900079964733634,"{'boosting_type': 'goss', 'colsample_bytree': 0.9615950184473402, 'force_col_wise': '+', 'learning_rate': 0.5362160464588456, 'max_depth': 5, 'num_leaves': 41, 'reg_alpha': 0.10114213298463492, 'reg_lambda': 0.8817868243610922, 'subsample': 1.0}",49,100,29.290344600001845
0.011375789931875158,"{'boosting_type': 'gbdt', 'colsample_bytree': 0.9915000589023278, 'force_col_wise': '+', 'learning_rate': 0.7444141264281895, 'max_depth': 5, 'num_leaves': 45, 'reg_alpha': 0.7389615533801781, 'reg_lambda': 0.6021327793962429, 'subsample': 0.8105491067337682}",50,100,32.7089324999979
0.01246865347685766,"{'boosting_type': 'gbdt', 'colsample_bytree': 0.6264174931679958, 'force_col_wise': '+', 'learning_rate': 0.47607224865042785, 'max_depth': 5, 'num_leaves': 82, 'reg_alpha': 0.9973086722358351, 'reg_lambda': 0.5924741375178875, 'subsample': 0.87622399193575}",51,100,29.831892700000026
0.026271845448866404,"{'boosting_type': 'dart', 'colsample_bytree': 0.9908900734742707, 'force_col_wise': '+', 'learning_rate': 0.03620614956117814, 'max_depth': 5, 'num_leaves': 45, 'reg_alpha': 0.8673685812955297, 'reg_lambda': 0.5503355131782771, 'subsample': 0.9642124966225777}",52,100,40.03840069999933
0.012667928196901102,"{'boosting_type': 'goss', 'colsample_bytree': 0.6002923298935547, 'force_col_wise': '+', 'learning_rate': 0.7975161997937931, 'max_depth': 5, 'num_leaves': 56, 'reg_alpha': 0.7483895129420496, 'reg_lambda': 0.34646121406946373, 'subsample': 1.0}",53,100,29.26772830000118
0.01682364244577761,"{'boosting_type': 'gbdt', 'colsample_bytree': 0.645775326749155, 'force_col_wise': '+', 'learning_rate': 0.11339195734641223, 'max_depth': 5, 'num_leaves': 80, 'reg_alpha': 0.6724638504657973, 'reg_lambda': 0.20860116747484048, 'subsample': 0.8359791441994416}",54,100,30.667138500000874
0.012935883411086202,"{'boosting_type': 'gbdt', 'colsample_bytree': 0.7340717379717167, 'force_col_wise': '+', 'learning_rate': 0.34571000712148064, 'max_depth': 5, 'num_leaves': 35, 'reg_alpha': 0.8296524657305542, 'reg_lambda': 0.42334255875150684, 'subsample': 0.9475653129008974}",55,100,30.703046800001175
0.01874991726640829,"{'boosting_type': 'gbdt', 'colsample_bytree': 0.754394531290743, 'force_col_wise': '+', 'learning_rate': 0.06977232379615982, 'max_depth': 5, 'num_leaves': 57, 'reg_alpha': 0.7127171105637351, 'reg_lambda': 0.660571958144567, 'subsample': 0.7828896122039949}",56,100,29.742416699999012
0.02543099706706109,"{'boosting_type': 'goss', 'colsample_bytree': 0.8905569122084233, 'force_col_wise': '+', 'learning_rate': 0.01791522910787773, 'max_depth': 5, 'num_leaves': 99, 'reg_alpha': 0.15844452718686075, 'reg_lambda': 0.5031300269344143, 'subsample': 1.0}",57,100,30.027266200002487
0.013455179143058715,"{'boosting_type': 'dart', 'colsample_bytree': 0.6774369988935378, 'force_col_wise': '+', 'learning_rate': 0.9795842451517933, 'max_depth': 5, 'num_leaves': 49, 'reg_alpha': 0.04315445863370612, 'reg_lambda': 0.6169694331936817, 'subsample': 0.8820447044168286}",58,100,51.10634610000125
0.01231827798315166,"{'boosting_type': 'gbdt', 'colsample_bytree': 0.6565933252801578, 'force_col_wise': '+', 'learning_rate': 0.6932555699622942, 'max_depth': 5, 'num_leaves': 68, 'reg_alpha': 0.951813063393243, 'reg_lambda': 0.7178680186789401, 'subsample': 0.7014625686770287}",59,100,30.62296509999942
0.013470315740926164,"{'boosting_type': 'gbdt', 'colsample_bytree': 0.6016640019242419, 'force_col_wise': '+', 'learning_rate': 0.2854119960144145, 'max_depth': 5, 'num_leaves': 55, 'reg_alpha': 0.6358639436598933, 'reg_lambda': 0.049267515359858016, 'subsample': 0.8260741571928504}",60,100,30.688269300000684
0.02579982480968468,"{'boosting_type': 'gbdt', 'colsample_bytree': 0.7042504183502675, 'force_col_wise': '+', 'learning_rate': 0.010179563644174158, 'max_depth': 5, 'num_leaves': 90, 'reg_alpha': 0.7951600613876653, 'reg_lambda': 0.7790603132798113, 'subsample': 0.8112368770609135}",61,90,28.098967199999606
0.01402508514817058,"{'boosting_type': 'goss', 'colsample_bytree': 0.7902990099142604, 'force_col_wise': '+', 'learning_rate': 0.2314519875912692, 'max_depth': 5, 'num_leaves': 42, 'reg_alpha': 0.3665562191465159, 'reg_lambda': 0.3589939006380186, 'subsample': 1.0}",62,100,27.70608540000103
0.027584009801985943,"{'boosting_type': 'dart', 'colsample_bytree': 0.9855984395283592, 'force_col_wise': '+', 'learning_rate': 0.021116669458591496, 'max_depth': 5, 'num_leaves': 87, 'reg_alpha': 0.8531608319848046, 'reg_lambda': 0.2696705722113656, 'subsample': 0.7222784220030609}",63,100,38.16866310000114
0.012546661903327538,"{'boosting_type': 'gbdt', 'colsample_bytree': 0.7752721685643568, 'force_col_wise': '+', 'learning_rate': 0.4189220118870646, 'max_depth': 5, 'num_leaves': 93, 'reg_alpha': 0.9006096315496328, 'reg_lambda': 0.843736629034893, 'subsample': 0.8686321719407188}",64,100,29.42672820000007
0.014628564094051666,"{'boosting_type': 'gbdt', 'colsample_bytree': 0.8208086762683331, 'force_col_wise': '+', 'learning_rate': 0.1825738521302579, 'max_depth': 5, 'num_leaves': 43, 'reg_alpha': 0.47023046538166907, 'reg_lambda': 0.31065062454589965, 'subsample': 0.9365192412221874}",65,100,30.82275160000063
0.011656731167212997,"{'boosting_type': 'gbdt', 'colsample_bytree': 0.9326338278665154, 'force_col_wise': '+', 'learning_rate': 0.6149369732042071, 'max_depth': 5, 'num_leaves': 74, 'reg_alpha': 0.5461883198889521, 'reg_lambda': 0.956146923085827, 'subsample': 0.7694585713830271}",66,100,30.69440190000023
0.011781449503755481,"{'boosting_type': 'gbdt', 'colsample_bytree': 0.9650107245667148, 'force_col_wise': '+', 'learning_rate': 0.5963982190013345, 'max_depth': 5, 'num_leaves': 48, 'reg_alpha': 0.599006102968565, 'reg_lambda': 0.7510815934909982, 'subsample': 0.644305942364959}",67,100,31.105040700000245
0.01158235371073868,"{'boosting_type': 'gbdt', 'colsample_bytree': 0.9485129324841368, 'force_col_wise': '+', 'learning_rate': 0.8440240909506667, 'max_depth': 5, 'num_leaves': 58, 'reg_alpha': 0.6554765281780772, 'reg_lambda': 0.9731238138203008, 'subsample': 0.6801871204511208}",68,100,30.690945599999395
0.011955089335380809,"{'boosting_type': 'gbdt', 'colsample_bytree': 0.8781079575844425, 'force_col_wise': '+', 'learning_rate': 0.4930334624407411, 'max_depth': 5, 'num_leaves': 94, 'reg_alpha': 0.5206114565471829, 'reg_lambda': 0.9130511933850148, 'subsample': 0.5707183288338633}",69,100,30.188628699997935
0.012518804740675127,"{'boosting_type': 'gbdt', 'colsample_bytree': 0.9000997458401839, 'force_col_wise': '+', 'learning_rate': 0.37732835381152197, 'max_depth': 5, 'num_leaves': 45, 'reg_alpha': 0.6071378229588666, 'reg_lambda': 0.8911539765649586, 'subsample': 0.5325449350697461}",70,100,31.30333520000204
0.015202435685412574,"{'boosting_type': 'gbdt', 'colsample_bytree': 0.8407515802801573, 'force_col_wise': '+', 'learning_rate': 0.14652544253216457, 'max_depth': 5, 'num_leaves': 39, 'reg_alpha': 0.7429602774647537, 'reg_lambda': 0.8279406892971495, 'subsample': 0.7625127950829558}",71,100,29.766077500000392
0.011619298696029401,"{'boosting_type': 'gbdt', 'colsample_bytree': 0.8630012323210489, 'force_col_wise': '+', 'learning_rate': 0.7344317389001332, 'max_depth': 5, 'num_leaves': 37, 'reg_alpha': 0.5731446062614555, 'reg_lambda': 0.9907989642430517, 'subsample': 0.6556763065638125}",72,100,31.297237899998436
0.012005668101556233,"{'boosting_type': 'gbdt', 'colsample_bytree': 0.997259079691203, 'force_col_wise': '+', 'learning_rate': 0.4403510771828944, 'max_depth': 5, 'num_leaves': 89, 'reg_alpha': 0.4147313309493972, 'reg_lambda': 0.5530970270138924, 'subsample': 0.61754454983808}",73,100,30.996249799998623
0.012039370854257547,"{'boosting_type': 'gbdt', 'colsample_bytree': 0.9182975635954048, 'force_col_wise': '+', 'learning_rate': 0.98735117386987, 'max_depth': 5, 'num_leaves': 60, 'reg_alpha': 0.3148257197840913, 'reg_lambda': 0.6847852757981677, 'subsample': 0.5851380928239572}",74,100,32.617006700002094
0.013908309475585967,"{'boosting_type': 'gbdt', 'colsample_bytree': 0.9804776650998468, 'force_col_wise': '+', 'learning_rate': 0.2127184366120981, 'max_depth': 5, 'num_leaves': 53, 'reg_alpha': 0.9534860786391133, 'reg_lambda': 0.3784770221477244, 'subsample': 0.6949098702283655}",75,100,32.95804350000253
0.013177840516039208,"{'boosting_type': 'gbdt', 'colsample_bytree': 0.8806752620127364, 'force_col_wise': '+', 'learning_rate': 0.28455283457349095, 'max_depth': 5, 'num_leaves': 32, 'reg_alpha': 0.3862821188667347, 'reg_lambda': 0.9421008300401397, 'subsample': 0.7235752397302893}",76,100,33.02539960000286
0.013401105385650758,"{'boosting_type': 'dart', 'colsample_bytree': 0.9398752935678591, 'force_col_wise': '+', 'learning_rate': 0.6738796943909277, 'max_depth': 5, 'num_leaves': 96, 'reg_alpha': 0.6989526858328711, 'reg_lambda': 0.2282385294280237, 'subsample': 0.5806002023021213}",77,100,53.35301690000051
0.011846739553227237,"{'boosting_type': 'gbdt', 'colsample_bytree': 0.9575234776563449, 'force_col_wise': '+', 'learning_rate': 0.5276437690097243, 'max_depth': 5, 'num_leaves': 33, 'reg_alpha': 0.6647785835358999, 'reg_lambda': 0.13895348016771292, 'subsample': 0.8069951088290463}",78,100,32.44402089999858
0.02048669996207586,"{'boosting_type': 'goss', 'colsample_bytree': 0.9002552888073001, 'force_col_wise': '+', 'learning_rate': 0.05093010407192122, 'max_depth': 5, 'num_leaves': 52, 'reg_alpha': 0.8039889430039393, 'reg_lambda': 0.8526358779768682, 'subsample': 1.0}",79,100,29.13495569999941
0.011835255173376358,"{'boosting_type': 'gbdt', 'colsample_bytree': 0.9712480524972067, 'force_col_wise': '+', 'learning_rate': 0.8660890428530558, 'max_depth': 5, 'num_leaves': 92, 'reg_alpha': 0.5374518814737492, 'reg_lambda': 0.6062522704454808, 'subsample': 0.5249043100696422}",80,100,32.74051529999997
0.017551847081849203,"{'boosting_type': 'gbdt', 'colsample_bytree': 0.8215982385169345, 'force_col_wise': '+', 'learning_rate': 0.08638236166100136, 'max_depth': 5, 'num_leaves': 72, 'reg_alpha': 0.20678843053645557, 'reg_lambda': 0.8088325332089572, 'subsample': 0.6645581301650626}",81,100,31.7473519999985
0.0163763352944839,"{'boosting_type': 'dart', 'colsample_bytree': 0.9290641543130552, 'force_col_wise': '+', 'learning_rate': 0.31060065383580676, 'max_depth': 5, 'num_leaves': 34, 'reg_alpha': 0.4768590861911523, 'reg_lambda': 0.7506728765989197, 'subsample': 0.5135049588902605}",82,80,51.3404023999974
0.011833644639728802,"{'boosting_type': 'gbdt', 'colsample_bytree': 0.8356131612182398, 'force_col_wise': '+', 'learning_rate': 0.5728532862332905, 'max_depth': 5, 'num_leaves': 98, 'reg_alpha': 0.4346498516475101, 'reg_lambda': 0.9108340089470232, 'subsample': 0.5768248551939906}",83,100,31.542966699998942
0.012828157618887115,"{'boosting_type': 'goss', 'colsample_bytree': 0.8571199750391024, 'force_col_wise': '+', 'learning_rate': 0.3601490486430886, 'max_depth': 5, 'num_leaves': 65, 'reg_alpha': 0.771612746523841, 'reg_lambda': 0.44879218593072395, 'subsample': 1.0}",84,100,32.66921480000019
0.025533766247895273,"{'boosting_type': 'gbdt', 'colsample_bytree': 0.7674408062113637, 'force_col_wise': '+', 'learning_rate': 0.013930122473469798, 'max_depth': 5, 'num_leaves': 50, 'reg_alpha': 0.24468449102326334, 'reg_lambda': 0.6487684642971018, 'subsample': 0.8621211616785247}",85,97,27.480652300000656
0.011589956199057005,"{'boosting_type': 'gbdt', 'colsample_bytree': 0.9109703948232079, 'force_col_wise': '+', 'learning_rate': 0.7668314719814485, 'max_depth': 5, 'num_leaves': 76, 'reg_alpha': 0.7245696824595785, 'reg_lambda': 0.7055036469213561, 'subsample': 0.500834322441025}",86,100,31.7330314000028
0.0165239667871937,"{'boosting_type': 'gbdt', 'colsample_bytree': 0.7993711834555137, 'force_col_wise': '+', 'learning_rate': 0.10935379182804154, 'max_depth': 5, 'num_leaves': 61, 'reg_alpha': 0.14655100570937393, 'reg_lambda': 0.48178710038934236, 'subsample': 0.6159175125914156}",87,100,30.30644250000114
0.015000717295756805,"{'boosting_type': 'dart', 'colsample_bytree': 0.9219551537392859, 'force_col_wise': '+', 'learning_rate': 0.4177817581574087, 'max_depth': 5, 'num_leaves': 47, 'reg_alpha': 0.27987512613073023, 'reg_lambda': 0.9697429830334007, 'subsample': 0.8597325492114294}",88,100,51.737647599999036
0.0119793567220432,"{'boosting_type': 'goss', 'colsample_bytree': 0.8932555046908675, 'force_col_wise': '+', 'learning_rate': 0.8973069569666634, 'max_depth': 5, 'num_leaves': 84, 'reg_alpha': 0.8457876582774034, 'reg_lambda': 0.7856194096240076, 'subsample': 1.0}",89,100,32.61332239999683
0.015637129898463553,"{'boosting_type': 'gbdt', 'colsample_bytree': 0.9528768203621918, 'force_col_wise': '+', 'learning_rate': 0.13052378442124032, 'max_depth': 5, 'num_leaves': 86, 'reg_alpha': 0.04868105853423732, 'reg_lambda': 0.8599336045112067, 'subsample': 0.8958827033450907}",90,100,31.30367599999954
0.012105003447497431,"{'boosting_type': 'gbdt', 'colsample_bytree': 0.7442342107723436, 'force_col_wise': '+', 'learning_rate': 0.645748575495586, 'max_depth': 5, 'num_leaves': 78, 'reg_alpha': 0.502527374924201, 'reg_lambda': 0.51870645868747, 'subsample': 0.758066859376973}",91,100,31.097700199999963
0.014657650596251237,"{'boosting_type': 'gbdt', 'colsample_bytree': 0.8708118894427191, 'force_col_wise': '+', 'learning_rate': 0.17429457491699213, 'max_depth': 5, 'num_leaves': 40, 'reg_alpha': 0.18564590091182065, 'reg_lambda': 0.667736677938388, 'subsample': 0.7392770779589222}",92,100,31.763373600002524
0.014272648626545092,"{'boosting_type': 'dart', 'colsample_bytree': 0.9889482627127192, 'force_col_wise': '+', 'learning_rate': 0.47020718563019726, 'max_depth': 5, 'num_leaves': 64, 'reg_alpha': 0.6241189096650691, 'reg_lambda': 0.5712685246287723, 'subsample': 0.7444808050263804}",93,93,53.06699210000079
0.013623669112505232,"{'boosting_type': 'gbdt', 'colsample_bytree': 0.8144364603248787, 'force_col_wise': '+', 'learning_rate': 0.25460103162613884, 'max_depth': 5, 'num_leaves': 45, 'reg_alpha': 0.9758136274202491, 'reg_lambda': 0.7287059666687843, 'subsample': 0.7053164001525849}",94,100,30.325951899998472
0.013615965503507077,"{'boosting_type': 'goss', 'colsample_bytree': 0.9997602364307854, 'force_col_wise': '+', 'learning_rate': 0.23368699146137686, 'max_depth': 5, 'num_leaves': 59, 'reg_alpha': 0.0843188498494317, 'reg_lambda': 0.07319108212203151, 'subsample': 1.0}",95,100,28.79176880000159
0.014299293622094034,"{'boosting_type': 'gbdt', 'colsample_bytree': 0.9732871463310777, 'force_col_wise': '+', 'learning_rate': 0.19258305773075382, 'max_depth': 5, 'num_leaves': 66, 'reg_alpha': 0.3288281820594874, 'reg_lambda': 0.898170487570925, 'subsample': 0.6391726246928366}",96,100,31.63357420000102
0.014903421547111662,"{'boosting_type': 'gbdt', 'colsample_bytree': 0.938891463724439, 'force_col_wise': '+', 'learning_rate': 0.16177281016748524, 'max_depth': 5, 'num_leaves': 92, 'reg_alpha': 0.6820902111634075, 'reg_lambda': 0.9378060664110335, 'subsample': 0.6794152102115534}",97,100,29.38000269999975
0.021700611997842234,"{'boosting_type': 'gbdt', 'colsample_bytree': 0.8827150056660065, 'force_col_wise': '+', 'learning_rate': 0.04190358087182158, 'max_depth': 5, 'num_leaves': 30, 'reg_alpha': 0.4561868848917088, 'reg_lambda': 0.3168662116832526, 'subsample': 0.5393001346713532}",98,100,26.230870100000175
0.016122402752528076,"{'boosting_type': 'dart', 'colsample_bytree': 0.8448627810723712, 'force_col_wise': '+', 'learning_rate': 0.3267267095774439, 'max_depth': 5, 'num_leaves': 54, 'reg_alpha': 0.5842879156865891, 'reg_lambda': 0.6274322144452903, 'subsample': 0.6623568114686293}",99,100,45.314971899999364
0.012616414941006848,"{'boosting_type': 'gbdt', 'colsample_bytree': 0.7859609135206691, 'force_col_wise': '+', 'learning_rate': 0.4021330772446591, 'max_depth': 5, 'num_leaves': 46, 'reg_alpha': 0.5492744313815471, 'reg_lambda': 0.43496344049903196, 'subsample': 0.8466796555624524}",100,100,29.38577069999883
